{"cameraMode":{"drawMode":0,"name":"Shaded","section":"Shading Mode"},"sceneLighting":true,"audioPlay":false,"sceneViewState":{"m_AlwaysRefresh":false,"showFog":true,"showSkybox":true,"showFlares":true,"showImageEffects":true,"showParticleSystems":true,"showVisualEffectGraphs":true,"m_FxEnabled":true},"in2DMode":false,"pivot":{"x":0.33837631344795229,"y":4.159759044647217,"z":0.0958181619644165},"rotation":{"x":0.017468729987740518,"y":0.7680922746658325,"z":-0.6397677659988403,"w":0.02097295969724655},"size":8.896061897277832,"orthographic":false}